,Label,Precision,Recall,F-Measure,lable in Data,lable in Test Data,TP,FP,FN,TN,Test Count
0,CM,0.7507287790092556,0.996875,0.8539648160335543,295,29.5,29.4,9.6,0.1,27.5,66.6
1,LI1,0.6921618928417865,0.9657531022236906,0.8050513329554347,348,34.800000000000004,33.6,14.9,1.2,16.9,66.6
2,L2,0.5483333333333332,0.16496753246753249,0.20606060606060606,82,8.2,1.1,1.0,7.1,57.4,66.6
3,I1,0.425,0.0758268833849329,0.12348779875095665,177,17.7,1.3,2.0,16.4,46.9,66.6
4,SP1,0.0875,0.043333333333333335,0.05196078431372549,89,8.9,0.4,0.8,8.5,56.9,66.6
5,F1,0.08,0.03554292929292929,0.048809523809523817,149,14.9,0.4,1.8,14.5,49.9,66.6
6,main,0.027781978550369634,0.024540847104327086,0.022465966257245173,0,0.0,0.0,0.0,0.0,0.0,0.0
7,NB1,0.0,0.0,0.0,21,2.1,0.0,0.0,2.1,64.5,66.6
8,PB1,0.0,0.0,0.0,6,0.6,0.0,0.0,0.6,66.0,66.6
9,OTHER,0.0,0.0,0.0,27,2.7,0.0,0.0,2.7,63.9,66.6
10,O1,0.0,0.0,0.0,1,0.1,0.0,0.0,0.1,66.5,66.6
11,NB5,0.0,0.0,0.0,4,0.4,0.0,0.0,0.4,66.2,66.6
12,NB4,0.0,0.0,0.0,1,0.1,0.0,0.0,0.1,66.5,66.6
13,NB3,0.0,0.0,0.0,3,0.3,0.0,0.0,0.3,66.3,66.6
14,MM9,0.0,0.0,0.0,15,1.5,0.0,0.0,1.5,65.1,66.6
15,N1,0.0,0.0,0.0,1,0.1,0.0,0.0,0.1,66.5,66.6
16,PN1,0.0,0.0,0.0,1,0.1,0.0,0.0,0.1,66.5,66.6
17,MM8,0.0,0.0,0.0,8,0.8,0.0,0.0,0.8,65.8,66.6
18,MM7,0.0,0.0,0.0,24,2.4,0.0,0.0,2.4,64.2,66.6
19,MM6,0.0,0.0,0.0,20,2.0,0.0,0.0,2.0,64.6,66.6
20,MM5,0.0,0.0,0.0,18,1.8,0.0,0.0,1.8,64.8,66.6
21,MM4,0.0,0.0,0.0,14,1.4,0.0,0.0,1.4,65.2,66.6
22,MM3,0.0,0.0,0.0,8,0.8,0.0,0.0,0.8,65.8,66.6
23,MM2,0.0,0.0,0.0,6,0.6,0.0,0.0,0.6,66.0,66.6
24,MM1,0.0,0.0,0.0,32,3.2,0.0,0.0,3.2,63.4,66.6
25,PB6,0.0,0.0,0.0,6,0.6,0.0,0.0,0.6,66.0,66.6
26,R4,0.0,0.0,0.0,1,0.1,0.0,0.0,0.1,66.5,66.6
27,PN6,0.0,0.0,0.0,1,0.1,0.0,0.0,0.1,66.5,66.6
28,LL1,0.0,0.0,0.0,5,0.5,0.0,0.0,0.5,66.1,66.6
29,W2,0.0,0.0,0.0,3,0.3,0.0,0.0,0.3,66.3,66.6
30,W1,0.0,0.0,0.0,4,0.4,0.0,0.0,0.4,66.2,66.6
31,T3,0.0,0.0,0.0,20,2.0,0.0,0.0,2.0,64.6,66.6
32,T2,0.0,0.0,0.0,4,0.4,0.0,0.0,0.4,66.2,66.6
33,T1,0.0,0.0,0.0,16,1.6,0.0,0.0,1.6,65.0,66.6
34,SS9,0.0,0.0,0.0,4,0.4,0.0,0.0,0.4,66.2,66.6
35,SS8,0.0,0.0,0.0,2,0.2,0.0,0.0,0.2,66.4,66.6
36,SS6,0.0,0.0,0.0,1,0.1,0.0,0.0,0.1,66.5,66.6
37,SS4,0.0,0.0,0.0,1,0.1,0.0,0.0,0.1,66.5,66.6
38,SS2,0.0,0.0,0.0,2,0.2,0.0,0.0,0.2,66.4,66.6
39,SS1,0.0,0.0,0.0,3,0.3,0.0,0.0,0.3,66.3,66.6
40,SP4,0.0,0.0,0.0,8,0.8,0.0,0.0,0.8,65.8,66.6
41,SP3,0.0,0.0,0.0,1,0.1,0.0,0.0,0.1,66.5,66.6
42,SP2,0.0,0.0,0.0,10,1.0,0.0,0.0,1.0,65.6,66.6
43,SA1,0.0,0.0,0.0,2,0.2,0.0,0.0,0.2,66.4,66.6
44,S2,0.0,0.0,0.0,1,0.1,0.0,0.0,0.1,66.5,66.6
45,RD7,0.0,0.0,0.0,1,0.1,0.0,0.0,0.1,66.5,66.6
46,RD2,0.0,0.0,0.0,1,0.1,0.0,0.0,0.1,66.5,66.6
47,RD1,0.0,0.0,0.0,2,0.2,0.0,0.0,0.2,66.4,66.6
48,LL2,0.0,0.0,0.0,1,0.1,0.0,0.0,0.1,66.5,66.6
49,LI1F2,0.0,0.0,0.0,1,0.1,0.0,0.0,0.1,66.5,66.6
50,LITERACY,0.0,0.0,0.0,2,0.2,0.0,0.0,0.2,66.4,66.6
51,LI2,0.0,0.0,0.0,72,7.2,0.0,0.2,7.2,59.2,66.6
52,F4,0.0,0.0,0.0,1,0.1,0.0,0.0,0.1,66.5,66.6
53,F3,0.0,0.0,0.0,9,0.9,0.0,0.0,0.9,65.7,66.6
54,F2,0.0,0.0,0.0,53,5.3,0.0,0.0,5.3,61.3,66.6
55,E1,0.0,0.0,0.0,1,0.1,0.0,0.0,0.1,66.5,66.6
56,D3,0.0,0.0,0.0,4,0.4,0.0,0.0,0.4,66.2,66.6
57,D2,0.0,0.0,0.0,10,1.0,0.0,0.0,1.0,65.6,66.6
58,CP5,0.0,0.0,0.0,35,3.5,0.0,0.0,3.5,63.1,66.6
59,CP4,0.0,0.0,0.0,12,1.2,0.0,0.0,1.2,65.4,66.6
60,CP2,0.0,0.0,0.0,12,1.2,0.0,0.0,1.2,65.4,66.6
61,CP1,0.0,0.0,0.0,18,1.8,0.0,0.0,1.8,64.8,66.6
62,CM1,0.0,0.0,0.0,3,0.3,0.0,0.0,0.3,66.3,66.6
63,CC4,0.0,0.0,0.0,4,0.4,0.0,0.0,0.4,66.2,66.6
64,CC3,0.0,0.0,0.0,3,0.3,0.0,0.0,0.3,66.3,66.6
65,CC2,0.0,0.0,0.0,1,0.1,0.0,0.0,0.1,66.5,66.6
66,CC1,0.0,0.0,0.0,4,0.4,0.0,0.0,0.4,66.2,66.6
67,C1,0.0,0.0,0.0,1,0.1,0.0,0.0,0.1,66.5,66.6
68,AR9,0.0,0.0,0.0,1,0.1,0.0,0.0,0.1,66.5,66.6
69,AP3,0.0,0.0,0.0,5,0.5,0.0,0.0,0.5,66.1,66.6
70,AP2,0.0,0.0,0.0,3,0.3,0.0,0.0,0.3,66.3,66.6
71,F6,0.0,0.0,0.0,10,1.0,0.0,0.0,1.0,65.6,66.6
72,FC1,0.0,0.0,0.0,1,0.1,0.0,0.0,0.1,66.5,66.6
73,FP1,0.0,0.0,0.0,20,2.0,0.0,0.0,2.0,64.6,66.6
74,I5,0.0,0.0,0.0,17,1.7,0.0,0.0,1.7,64.9,66.6
75,AP1,0.0,0.0,0.0,2,0.2,0.0,0.0,0.2,66.4,66.6
76,L7,0.0,0.0,0.0,1,0.1,0.0,0.0,0.1,66.5,66.6
77,L3,0.0,0.0,0.0,1,0.1,0.0,0.0,0.1,66.5,66.6
78,L12,0.0,0.0,0.0,7,0.7,0.0,0.0,0.7,65.9,66.6
79,L1,0.0,0.0,0.0,23,2.3,0.0,0.0,2.3,64.3,66.6
80,I8,0.0,0.0,0.0,22,2.2,0.0,0.0,2.2,64.4,66.6
81,I7,0.0,0.0,0.0,34,3.4,0.0,0.0,3.4,63.2,66.6
82,I6,0.0,0.0,0.0,40,4.0,0.0,0.0,4.0,62.6,66.6
83,I3,0.0,0.0,0.0,10,1.0,0.0,0.0,1.0,65.6,66.6
84,FP2,0.0,0.0,0.0,15,1.5,0.0,0.0,1.5,65.1,66.6
85,I2,0.0,0.0,0.0,2,0.2,0.0,0.0,0.2,66.4,66.6
86,H3,0.0,0.0,0.0,2,0.2,0.0,0.0,0.2,66.4,66.6
87,H2,0.0,0.0,0.0,5,0.5,0.0,0.0,0.5,66.1,66.6
88,H1,0.0,0.0,0.0,1,0.1,0.0,0.0,0.1,66.5,66.6
89,FP6,0.0,0.0,0.0,14,1.4,0.0,0.0,1.4,65.2,66.6
90,FP5,0.0,0.0,0.0,34,3.4,0.0,0.0,3.4,63.2,66.6
91,FP4,0.0,0.0,0.0,2,0.2,0.0,0.0,0.2,66.4,66.6
92,FP3,0.0,0.0,0.0,4,0.4,0.0,0.0,0.4,66.2,66.6
93,W3,0.0,0.0,0.0,1,0.1,0.0,0.0,0.1,66.5,66.6
